STT,Title,Link
1,We’ve All Been There: 22 Photos Taken Right Before a Disaster,https://brightside.me/creativity-photography/22-times-people-managed-to-take-hilarious-photos-right-before-a-disaster-434510/?fb_comment_id=1760326860691375_1761069080617153
2,"People Are Sharing Their Dogs’ Quirks, and They’re Totally Pawsome",https://brightside.me/wonder-animals/people-are-sharing-their-dogs-quirks-and-theyre-totally-pawsome-706660/?utm_source=BrightSide_web&utm_medium=article&utm_campaign=share_image&utm_content=Facebook&image=10654760
3,20 Photos That Prove Pets Are Becoming More and More Like Their Owners Every Day,https://brightside.me/wonder-animals/20-photos-that-prove-pets-are-becoming-more-and-more-like-their-owners-every-day-795316/?utm_source=BrightSide_web&utm_medium=article&utm_campaign=share_image&utm_content=WhatsApp&image=15192360
4,12 Hilarious Shots Taken at Exactly the Right Moment,https://brightside.me/creativity-photography/12-hilarious-shots-taken-at-exactly-the-right-moment-305210/
5,20+ Hilarious Accidents That Will Be Remembered for a Long Time,https://brightside.me/wonder-curiosities/28-hilarious-accidents-that-will-be-remembered-for-a-long-time-432110/
6,10+ Photos That Prove No One Is Safe From a Bad Day,https://brightside.me/wonder-curiosities/10-photos-that-prove-no-one-is-safe-from-a-bad-day-795947/?image=15228212
7,"19 Times Designers Created Things by Accident, and It’s Hilarious",https://brightside.me/wonder-curiosities/19-times-designers-created-things-by-accident-and-its-hilarious-629960/amp
8,20 People Whose Guardian Angel Never Sleeps,https://brightside.me/wonder-curiosities/20-people-whose-guardian-angel-never-sleeps-473160/?utm_source=Bright+Side_web&utm_medium=article&utm_campaign=share_image&utm_content=Twitter&image=22654395
9,23 Photos That Can Raise Your Pulse in the Blink of an Eye,https://brightside.me/wonder-curiosities/23-photos-that-can-raise-your-pulse-in-the-blink-of-an-eye-new-pics-609960/?utm-source=brightside_web&utm-medium=article&utm-campaign=facebook_share
10,19 Weird Moments That Prove the World Is Full of Odd Stuff,https://brightside.me/wonder-curiosities/19-weird-moments-that-prove-the-world-is-full-of-odd-stuff-592760/
11,The 15 Craziest Things That Have Ever Happened During a Flight,https://brightside.me/wonder-curiosities/the-15-craziest-things-that-have-ever-happened-during-a-flight-392360/
12,"15+ Weird Moments Were Caught on Camera, and They Left Us Speechless",https://brightside.me/wonder-curiosities/15-weird-moments-were-caught-on-camera-and-the-animal-motorcycle-gang-left-us-speechless-551960/
13,The 11 Most Hilarious Sporting Moments Caught on Camera,https://brightside.me/wonder-curiosities/the-11-most-hilarious-sporting-moments-caught-on-camera-398860/
14,25 Hilarious Moments Where Grown-Ups Were Left Alone With a Kid,https://brightside.me/inspiration-family-and-kids/25-hilarious-moments-where-grown-ups-were-left-alone-with-a-kid-420360/
15,18 Times People Took Hilarious Snapchats at Really Awkward Moments,https://brightside.me/wonder-curiosities/18-times-people-took-hilarious-snapchats-at-really-awkward-moments-493610/
16,21 Pics That Prove Pets Can Sleep Pretty Much Anywhere They Want,https://brightside.me/wonder-animals/21-pics-that-prove-pets-can-sleep-pretty-much-anywhere-they-want-798460/
17,"18 People Whose Job Might Be Harder Than Yours, and Now You’ll See Why",https://brightside.me/wonder-curiosities/18-people-whose-job-might-be-harder-than-yours-and-now-youll-see-why-626260/?ref=hvper.com&utm_source=hvper.com&utm_medium=website
18,"19 Kids Who Found Such Droll Reasons to Cry for, We Couldn’t Help Chuckling",https://brightside.me/inspiration-family-and-kids/19-kids-who-found-such-droll-reasons-to-cry-for-we-couldnt-help-chuckling-698910/
19,20+ Hilarious Photos That Prove Pets Are Born to Enjoy Life,https://brightside.me/wonder-animals/20-hilarious-photos-that-prove-pets-are-born-to-enjoy-life-472310/?utm_source=BrightSide_web&utm_medium=article&utm_campaign=share_image&utm_content=WhatsApp&image=20824460
20,30+ Unforgettable Moments Caught on Camera to Make You Burst Out Laughing,https://brightside.me/wonder-curiosities/30-unforgettable-moments-caught-on-camera-to-make-you-burst-out-laughing-564560/?utm_source=BrightSide_web&utm_medium=article&utm_campaign=share_image&utm_content=WhatsApp&image=3260060
21,22 People Who Clearly Have Their Priorities in Order,https://brightside.me/wonder-curiosities/22-people-who-clearly-have-their-priorities-in-order-593110/?ref=hvper.com&utm_source=hvper.com&utm_medium=website
